customer_id,name,email,city,signup_date
cust001,Tiffany Scott,gonzalezkathleen@francis.com,West Jeffreyton,2021-01-18
cust002,Austin Fields,andredyer@rivera.com,North Howardmouth,2021-01-10
cust003,Mark Bentley,jeremy16@hotmail.com,West Janice,2022-01-21
cust004,Crystal Ellis,muellerjeremy@williams.com,South Jonathan,2024-10-25
cust005,Glenda Johnson,carneyroger@jensen.org,East Bonnie,2024-01-09
cust006,Lauren Short,garymercado@ramirez.com,North Alejandraville,2022-02-07
cust007,Debbie Hopkins,patrick61@hotmail.com,New Colestad,2022-04-22
cust008,Claudia Green,sarahsimmons@yahoo.com,East Traciburgh,2022-10-10
cust009,Nicholas Whitaker,matthewpatterson@gmail.com,Lake Billyside,2021-12-17
cust010,John Lloyd,kellycruz@hotmail.com,New Zacharyshire,2020-02-10
cust011,Jeremy Thomas,pattersonmatthew@bowen-hart.org,Lake Alexisburgh,2023-01-10
cust012,Lorraine Benton,owatts@lee.info,Lake Barry,2020-06-03
cust013,Connie Jackson,kirk61@hall-benson.info,Port Brandi,2023-12-01
cust014,Brandon Norton,kfigueroa@thompson.com,West Christiefort,2020-10-06
cust015,Rhonda Nelson,kristensmith@mitchell-lopez.net,Washingtonhaven,2022-12-06
cust016,James Campbell,xwall@hotmail.com,East Debbie,2024-10-03
cust017,Daniel Weeks Jr.,ramirezfelicia@black.biz,New Alexandrashire,2021-06-22
cust018,Dustin Green,davidblankenship@cummings-huffman.org,Port Justinborough,2021-05-28
cust019,Anthony Lynch,sroberts@hotmail.com,Angelaport,2024-05-30
cust020,James Fuller,maryboyer@hotmail.com,Clarkmouth,2021-03-29
cust021,Margaret Walker,grantbrent@thomas.net,Westton,2021-07-04
cust022,Edward Cox,taylorashley@thomas.com,South Eric,2020-04-27
cust023,Mr. Kevin Parker,racheljames@gmail.com,Samuelland,2024-06-17
cust024,Heather Stewart,joshuabutler@yahoo.com,Barrettview,2020-12-24
cust025,Katie Washington,philipjohnson@yahoo.com,Jeffreyfort,2022-03-15
cust026,Sarah Schultz,adamsjames@bowers-gonzalez.com,Boydshire,2020-08-20
cust027,Scott Cook,lori56@hotmail.com,Lopezshire,2022-08-09
cust028,Juan Kelly,amynolan@sparks.com,New Sandra,2024-03-28
cust029,Laura Lee,jacksondiane@johnson.com,Gillview,2021-07-16
cust030,Sarah Zuniga,gcarpenter@yahoo.com,Michaelside,2022-09-04
cust031,Stephen Marks,jennifercrosby@hill.com,Wilsonton,2024-12-23
cust032,Deborah Berg,james89@robinson.com,Murrayshire,2024-03-28
cust033,Benjamin Brown,vjones@allen-lopez.net,South Derekmouth,2024-01-05
cust034,Nicole Johnson,cmiller@yahoo.com,North Thomashaven,2024-10-07
cust035,Jessica Keith,cbaxter@yahoo.com,Parkerstad,2023-09-17
cust036,Jennifer Baker,samantha04@gmail.com,Christinabury,2025-04-14
cust037,Betty Mitchell,staceysmith@pittman-martinez.com,South Darlene,2023-02-19
cust038,Dr. Sabrina Stevenson,pattersondylan@welch.info,West David,2020-02-27
cust039,Ryan Jones,xoneill@harrington.com,Josephside,2021-06-26
cust040,Lindsey Young,haynesjames@gmail.com,Denisechester,2020-05-25
cust041,Jessica Marshall,kkent@rodriguez.biz,East Mark,2022-08-26
cust042,Melvin Johnson DDS,ryanharris@yahoo.com,Port Amanda,2020-10-09
cust043,Joseph Johnson,tparker@hotmail.com,Port Stephentown,2023-02-06
cust044,Christopher Parker,santiagomolly@holland-greer.com,Troyhaven,2020-09-11
cust045,Albert Johnson,paul23@hotmail.com,Lake Marcusville,2020-10-12
cust046,Hunter Williams Jr.,nlong@harvey.com,Lake Joshua,2020-08-27
cust047,Mary Levine MD,josephchristine@yahoo.com,Port Alyssa,2022-05-13
cust048,Frank Dunn,hilldaniel@hotmail.com,New Richard,2020-05-25
cust049,Kari Little,destiny51@goodman.info,Zacharymouth,2023-11-13
cust050,Marcia Bradshaw,vnewman@hotmail.com,Johnview,2023-12-19
cust051,Angela Garcia,fernandezbeth@moreno.net,West Josephfort,2023-04-01
cust052,Alicia Pugh,scollier@olson.com,Brianton,2024-04-17
cust053,Steven Reilly,marcia05@rivera-martinez.com,South Jenniferview,2024-09-06
cust054,Nicholas Johnson,bankscharles@rose.org,Michaelstad,2022-11-20
cust055,Susan Gould,bentleyaaron@gonzalez.com,West Jameshaven,2024-01-13
cust056,Eric Martinez,fosteranthony@lawrence-king.biz,Michelleberg,2025-01-22
cust057,Richard Hodges,mccallmatthew@welch-reed.biz,South Christian,2024-10-09
cust058,Aaron Washington,washingtontamara@webb.com,Guerreroview,2021-09-18
cust059,Michelle Fitzpatrick,esmith@stephens.com,Kimberlyside,2023-10-11
cust060,Joshua Harrington,bretthughes@gmail.com,North James,2024-02-19
cust061,Elizabeth Rodriguez,jacksonjimmy@hotmail.com,Friedmanmouth,2022-01-03
cust062,Lisa Rivera,isoto@hotmail.com,Rachelmouth,2020-04-14
cust063,Cynthia Mason,yfrazier@matthews.com,Cummingsside,2020-05-07
cust064,Jeffrey Lee,steven06@hotmail.com,East Laura,2022-01-27
cust065,Kathleen Williams,haleyharris@gmail.com,New Pamela,2022-02-28
cust066,Gloria King,kelly76@cox.net,Micheleberg,2022-02-04
cust067,Anthony Fleming,collinscharles@novak.com,Shortside,2023-09-02
cust068,Thomas Miller,xsanchez@graham.com,Bridgesburgh,2023-08-19
cust069,Danielle Green,youngkathryn@wallace.com,Jonesburgh,2021-06-08
cust070,Jamie Terrell,khaynes@gmail.com,West Molly,2021-04-24
cust071,Catherine Roberts,fmarshall@hotmail.com,Monicamouth,2024-12-13
cust072,Noah Cortez,smithjoseph@yahoo.com,Johnsonside,2024-01-07
cust073,Brian Little,jonathon33@gmail.com,Anthonyburgh,2021-02-15
cust074,Lindsey Smith,mrowe@carlson.com,Lisabury,2024-09-02
cust075,Robert Kirby,fullerkenneth@edwards-jordan.org,Robleston,2024-01-17
cust076,Brent Pierce,davidhaney@palmer.com,Davidmouth,2020-02-10
cust077,Sheila Maldonado,james15@yahoo.com,Williamsburgh,2024-10-16
cust078,Karen Silva,gbrown@tran.com,Thomasfurt,2020-10-03
cust079,Justin Cox,alyssasmith@jenkins-potts.com,South Kayla,2020-03-31
cust080,Mary Beck,sespinoza@kelly-lawson.info,East Cody,2023-09-06
cust081,Adam Richardson,allencarlos@gmail.com,South Valerie,2021-02-08
cust082,Tina Guzman,michaelmcfarland@gmail.com,Bakerchester,2023-05-22
cust083,Edward Hernandez,ryan88@hotmail.com,Lake Connie,2022-09-09
cust084,Erin Pennington,gonzalescole@hotmail.com,Loriton,2023-09-17
cust085,Daniel Webb,wmyers@house.net,Davisland,2023-08-25
cust086,Brian Choi,rwallace@gmail.com,Obrienchester,2024-07-31
cust087,Tanya Pearson,michael89@sanchez.com,Floydtown,2022-04-20
cust088,Mark Sims Jr.,kristihutchinson@gmail.com,Fishertown,2025-01-16
cust089,Robert Atkins,ricardoferrell@lee.info,Wongside,2024-08-24
cust090,Robert Evans,jameswatson@yahoo.com,Newmanfort,2023-08-27
cust091,Sarah Bond,frankpetty@hotmail.com,Greermouth,2020-09-11
cust092,Jonathan Jackson,donaldsonjoseph@hotmail.com,New Kelsey,2024-06-09
cust093,Rachel Cohen,elizabeth52@hall-owen.com,Port Adrianmouth,2022-10-12
cust094,Valerie Willis,yzimmerman@myers.com,Austinfurt,2024-12-15
cust095,Ellen Brown,bonniewright@gmail.com,Lake Andreahaven,2023-09-24
cust096,Stacy Ferguson,bdaniels@gmail.com,Markton,2021-01-21
cust097,Thomas Perez,joneskimberly@cook.info,East Teresa,2024-03-08
cust098,Felicia Jones,williamssharon@gmail.com,East Jamesland,2024-10-20
cust099,Douglas Martinez,omoore@gmail.com,Port Andrewhaven,2022-03-09
cust100,Courtney Khan,james67@yahoo.com,Lake Todd,2022-11-23
cust101,Joshua Ramirez,taylorangela@gmail.com,Jordanburgh,2020-01-27
cust102,Alex Coleman,rmiller@collins.com,Natashaville,2022-07-28
cust103,Anita Collins,lcontreras@yahoo.com,Randallborough,2023-12-26
cust104,Suzanne Grimes,staceycrawford@anthony.com,New Donna,2020-08-21
cust105,Alexandra Scott,daviesjohn@york.com,Port Patrick,2023-10-17
cust106,Robin Flores,emilygallagher@juarez-morris.com,Ramosport,2020-09-29
cust107,Matthew Gonzalez,iwright@phillips-rodriguez.com,Bushside,2023-09-04
cust108,Mr. Jason Browning,michelle76@jennings-adams.org,North Amytown,2023-06-12
cust109,Jessica Atkins,jessicajohnson@scott-baker.biz,Michellehaven,2023-10-07
cust110,Amanda Wilson,twilliams@nunez-smith.com,South Samantha,2021-12-01
cust111,Billy Thornton,rebeccagallegos@thompson-davis.com,North William,2020-07-14
cust112,Samantha Lawrence,yjacobs@elliott-sullivan.com,Thomasfort,2023-07-31
cust113,Elizabeth Trevino,larry77@douglas.biz,Williammouth,2022-12-18
cust114,Randall Wagner,heather49@gmail.com,Jameshaven,2023-06-22
cust115,Jessica Moore,omiller@hicks.com,Robinsonborough,2022-10-05
cust116,Tonya Smith,carlos74@baker.com,Lake Robertland,2020-10-19
cust117,Jennifer Larsen,sabrinacarey@berger.info,Port Bradley,2021-10-23
cust118,Janice Mathis,richardmunoz@quinn.info,Richardland,2023-06-20
cust119,Susan Bennett,caleb53@hotmail.com,Travisborough,2023-05-09
cust120,Victor Scott,sanchezkendra@mills.org,Elizabethton,2023-04-07
cust121,William Greene,jasmine43@gmail.com,New Joseph,2020-11-14
cust122,Jessica Hill,olivialee@yahoo.com,Williammouth,2020-05-06
cust123,Kyle Davis,jcruz@singleton-silva.net,Cherylland,2020-12-29
cust124,Joseph Harris,powerslisa@hotmail.com,Ramosburgh,2024-02-04
cust125,Brandon Allison,jonesjames@johnson.com,Lake Kelly,2020-12-20
cust126,Rachel Peterson,priscilla91@hotmail.com,Scottborough,2023-09-17
cust127,Christina Robinson,smithwilliam@hotmail.com,New Stephen,2024-11-10
cust128,David Jackson,dale37@yahoo.com,East Geneland,2020-10-11
cust129,Christina Stafford,daniel22@yahoo.com,South Patrickside,2021-11-07
cust130,William York,jacksondonald@gmail.com,Port Jessica,2021-08-16
cust131,Daniel Snyder,gary05@gmail.com,Martinhaven,2021-04-07
cust132,Jesse Higgins,valerie60@hotmail.com,Williamsonland,2020-02-27
cust133,Kristin Solis,adamswilliam@yahoo.com,Gallegosstad,2022-04-16
cust134,Jacob Gonzales MD,adam15@stanley-smith.com,North Christopher,2023-05-16
cust135,Amy Hayes,dsantiago@yahoo.com,East Joseburgh,2022-12-12
cust136,Megan Barber,xmoore@clarke.biz,Lake Mauriceville,2024-10-29
cust137,Beverly Reyes,cjones@yahoo.com,Bondside,2022-05-07
cust138,Elizabeth Jackson,lisa20@ross.com,Heatherview,2023-11-18
cust139,Kristina Gutierrez,langjames@yahoo.com,Morrisshire,2020-11-30
cust140,Nicholas Franklin,anthony29@odonnell.net,Carterbury,2022-01-08
cust141,Lori Mitchell,kathryncurry@steele.com,Montgomerymouth,2025-03-31
cust142,Kenneth Nelson,matthew49@thompson.com,New Raven,2025-01-30
cust143,Brandon Fleming,kristin23@powell.com,Carolineside,2020-12-22
cust144,Eugene Watson,schmidtlogan@braun.org,Fieldsshire,2023-08-12
cust145,Katherine Fitzpatrick,plopez@wilson.net,Lake Adamville,2023-12-11
cust146,Stephen Myers,xbridges@yahoo.com,Malonemouth,2022-08-02
cust147,Michael Huber,jeremyanderson@gmail.com,New Tonya,2021-02-04
cust148,Dylan Shaw,fuentesdavid@atkinson.com,Lake Joshua,2021-09-16
cust149,John Ramos,unichols@ortiz.net,Duartehaven,2023-11-03
cust150,Lori Nelson,johnsonjoshua@ramos.com,Port Sharonfort,2023-04-11
cust151,Shelley Johnson,romerocynthia@soto-mitchell.com,East Joshua,2022-05-05
cust152,Emma Hogan,shelbyday@cain-arroyo.com,Annaville,2021-02-25
cust153,Jason Smith,sosborn@yahoo.com,Sosatown,2020-12-08
cust154,Tiffany Lewis,suttoncarly@walker-henry.com,Jamesberg,2022-11-08
cust155,Aaron Schultz,brandonbenjamin@gmail.com,North Christian,2021-09-03
cust156,John Perez,millerlisa@miller.com,Heatherport,2020-04-30
cust157,Candice Hendricks,james57@ayers.info,South Holly,2022-11-10
cust158,Ricky Howe,aimee89@paul-reeves.net,North Christopher,2021-09-16
cust159,Kim Rogers,timsharp@yahoo.com,New Brookeburgh,2023-01-31
cust160,Marc Moore,morganmitchell@hotmail.com,Jonesport,2020-01-17
cust161,Daniel White,ymiller@gmail.com,Blairtown,2022-12-16
cust162,Lori Johnson DVM,matthew38@hotmail.com,Lake John,2022-07-17
cust163,Brandi Hurst,greenstacy@rodriguez.biz,Tammystad,2024-06-03
cust164,Brandon Miller,kathryn10@hotmail.com,Frankview,2024-06-12
cust165,Larry Lowe,john10@mendez.com,Stricklandchester,2021-06-09
cust166,Sheila Murray MD,dyermichael@mitchell.com,Hardinbury,2023-11-19
cust167,Joseph Kemp,danielballard@johnson-cochran.com,New Timothy,2022-03-07
cust168,Richard Cannon,michaelmills@gutierrez-campos.com,New Michelle,2024-09-30
cust169,Rodney Gordon,mcampos@stevenson.net,New Autumnchester,2024-03-03
cust170,Justin Martin,justin51@rollins-murillo.net,New Dustin,2023-09-24
cust171,Rita Smith,alexandernicholas@hotmail.com,Whitemouth,2023-11-10
cust172,Danielle Campbell,tproctor@gmail.com,New Reginaton,2022-04-22
cust173,Shari Smith,collinsbryan@yahoo.com,Robertfurt,2024-11-02
cust174,Veronica Snyder,lucasramirez@gmail.com,West Jose,2023-12-15
cust175,Jessica Sheppard,jennifer85@sherman.info,West Charlesshire,2021-04-07
cust176,Danielle Stewart,dillonanderson@yahoo.com,Keithfurt,2023-10-19
cust177,Joe Obrien,matthewphillips@bennett.info,West Glenn,2021-01-15
cust178,Tyler Jones DDS,andrew76@hotmail.com,Christopherville,2023-02-07
cust179,Kelli Cole,kenneth03@strickland.com,Mcclurebury,2022-11-13
cust180,Dr. Kimberly Lopez,shermandavid@gmail.com,Hillton,2022-05-16
cust181,Kevin Torres,ashley55@hotmail.com,Gallaghertown,2020-06-13
cust182,Sheila Lee,wcook@james-williams.com,New Jamesmouth,2023-07-09
cust183,Cynthia Watkins,kelly52@le-anderson.com,Stewartport,2020-08-03
cust184,Susan Wright,edwardgray@gmail.com,Port Margarethaven,2020-04-08
cust185,Derek Smith,roseking@campbell.com,South Virginiafurt,2020-04-21
cust186,Lisa Adams,ecook@hensley-brewer.com,Port Briana,2023-04-02
cust187,Monica Cardenas,brandy54@gmail.com,Zacharyland,2021-08-06
cust188,Matthew Lucas,christine42@peterson.net,Davidbury,2021-02-20
cust189,Kayla Barnes,johnsonkimberly@williams.com,West Monica,2024-02-04
cust190,James Peters,sscott@hotmail.com,Chenside,2024-06-20
cust191,Mark Clarke,virginia33@yahoo.com,East Glennville,2021-09-02
cust192,Dawn Hughes,david04@yahoo.com,South Tanyaville,2021-06-23
cust193,Natalie Archer,martinjenny@hotmail.com,Lake Beverlytown,2024-09-19
cust194,Lori Jones,iwatson@jordan.com,Edwardberg,2024-09-10
cust195,Patty Miles,maria30@golden.com,East Susanhaven,2020-10-26
cust196,Christine Odom,richard36@thompson-williams.com,Townsendstad,2024-09-25
cust197,Lindsay Moreno,lucasgarrett@bailey.com,Derekchester,2020-12-18
cust198,Terry Hancock,mitchellwang@hotmail.com,Karentown,2022-07-31
cust199,Desiree Frey,natalie27@yahoo.com,Lynchfort,2020-04-11
cust200,Lisa Hamilton,marybrown@carney.com,West Jaredberg,2024-02-07
cust201,Michael Olson,briannamedina@rivera.org,South Rossside,2022-01-06
cust202,Karla Perkins,henrybenjamin@glover.com,South Jason,2021-02-17
cust203,Kenneth Smith,foxsara@hotmail.com,Greenville,2023-08-03
cust204,Michele Thomas,shelby87@yahoo.com,Smithville,2024-06-09
cust205,Joshua Richmond,iwilliams@gmail.com,East Vickihaven,2022-11-08
cust206,James Williams,jennifer20@yahoo.com,Port Melissa,2020-10-16
cust207,Curtis Nelson,rreed@johnson-richardson.com,West Daniel,2023-09-17
cust208,Katherine Mcconnell,tbryant@lambert.com,Alexanderside,2022-04-26
cust209,Scott Wheeler,erika53@gmail.com,Laceymouth,2023-10-23
cust210,Monica Kennedy,crystal97@yahoo.com,Johnsonmouth,2022-06-24
cust211,Mary Graham,georgecampbell@brown.com,East Ryan,2021-12-10
cust212,Christina Campbell,bhubbard@wilson.com,Port Karen,2022-01-24
cust213,Danielle Perez,sean44@nixon.com,West Jasonland,2024-12-15
cust214,Earl Cherry,cfoster@morris.com,North Ashleyberg,2024-05-19
cust215,Larry Mays,oscarjones@osborne-miller.com,North David,2022-06-24
cust216,Christie Sawyer,sherri55@gmail.com,Lake Cheryltown,2021-09-15
cust217,Thomas Hubbard,martineztiffany@hotmail.com,East Christianbury,2025-01-22
cust218,Rachel Lewis,sarahmartinez@clayton-hendricks.com,New Mariestad,2024-10-26
cust219,Jay Harmon,sylviawilson@gmail.com,West Bryanmouth,2021-02-20
cust220,Tami Martin,hamiltonjoseph@hotmail.com,Martinton,2020-05-06
cust221,Larry Guzman,iward@lewis-decker.com,Tuckerbury,2022-07-11
cust222,Shannon Washington,danaingram@moore-taylor.org,Coryshire,2024-10-31
cust223,Susan Hunt,amy73@yahoo.com,Mclaughlintown,2021-11-29
cust224,Kathleen Powell,kevin61@gillespie.com,West Andrea,2022-02-26
cust225,Vincent Greene,matthewshelton@patterson.org,East Shawnmouth,2021-04-02
cust226,Evelyn Bonilla,qbrown@taylor-gilbert.com,South Melissahaven,2023-03-03
cust227,Kathy Parker,willismichael@hall-marsh.com,Lancefurt,2023-09-08
cust228,Jennifer Fisher,matthew65@yahoo.com,Christopherside,2022-01-30
cust229,Brian Carpenter,theresaatkins@yahoo.com,Wellsfort,2025-04-08
cust230,William Holden,fhernandez@yahoo.com,Webbchester,2021-12-05
cust231,Phillip Anderson,monica09@rodriguez-miles.com,East Thomas,2023-11-12
cust232,Matthew Johnson,tyler56@bradley-brown.info,South Laurenville,2022-10-22
cust233,Sandra Ballard,lindseycarter@garner.com,Mollymouth,2024-12-22
cust234,Debra Dominguez,pbishop@castaneda-thomas.com,North Bryantown,2023-02-24
cust235,Linda Baker,meyerdakota@mitchell.com,Port Calvinton,2021-09-14
cust236,Ashley Wilson,hramos@yahoo.com,East Walter,2023-11-22
cust237,Deanna Miller,jreynolds@hotmail.com,New Darrenfort,2022-11-06
cust238,William Williams,glowe@hines.com,Port Rachel,2020-06-03
cust239,Michael Brown,jonbrown@charles.com,Lake Kimberly,2023-11-19
cust240,Jesse Kim,lperry@gmail.com,Stephenschester,2020-08-12
cust241,Amanda Butler,aho@suarez-adams.com,Powersbury,2022-03-07
cust242,Brittney Lee,andersonjamie@hotmail.com,East Billy,2022-01-08
cust243,Andrew Aguilar,pruittcolleen@yahoo.com,South Ashley,2024-05-17
cust244,Sydney Zimmerman,robert06@yahoo.com,West Jeffrey,2022-11-05
cust245,Kelly Valentine,fparrish@york.com,Lake Gregory,2023-02-13
cust246,Mary Coffey,kelsey83@gmail.com,Hutchinsonborough,2023-10-02
cust247,Wyatt Powers,cheryl45@briggs.net,Cruzview,2025-03-20
cust248,Amanda Ramirez,kellyroberts@gmail.com,South Brendaborough,2023-06-13
cust249,Kelly Rojas,rachelkennedy@yahoo.com,Lake John,2024-03-17
cust250,Lisa Burnett,halldavid@yahoo.com,East Kimberlybury,2020-12-30
cust251,Mark Gibson,arthur19@gmail.com,South Lindseyside,2020-01-06
cust252,Brianna House,jared18@yahoo.com,North Scottmouth,2024-12-07
cust253,Crystal Fuentes,zschmidt@guerrero.net,South Erinside,2021-06-05
cust254,Elizabeth Miller,stacyanderson@yahoo.com,Lake Arthur,2020-11-26
cust255,Jodi Juarez,jyoung@ortiz-hill.biz,Benderport,2024-02-10
cust256,Jonathan Davis,kristina10@hotmail.com,Danielhaven,2021-07-19
cust257,Monica Miller,kimberly32@gmail.com,Deniseville,2021-05-23
cust258,Kelly Stokes,richard29@wright.com,Lopezborough,2025-04-19
cust259,John Le,stokestiffany@sanders-russell.com,East Ashleyside,2024-04-09
cust260,Ronald Jackson II,lindsaybrown@yahoo.com,Daniellemouth,2023-03-30
cust261,Jose Stein,doughertyvalerie@hotmail.com,West Juliebury,2022-07-25
cust262,Connie Garcia,williamsdonna@perez-sparks.org,Lawrencefurt,2024-08-25
cust263,Jennifer Chaney,jessica12@buckley.com,Lake Richard,2022-07-19
cust264,Paul White,millerbrian@yahoo.com,Courtneyborough,2024-01-18
cust265,Mr. Michael Thompson,perezsteven@davis.com,North Christian,2022-11-10
cust266,Lauren Murphy,johnwatts@acevedo-johnson.info,Jenniferborough,2023-10-08
cust267,Christopher Johnston,karen54@cook.net,East Emily,2023-07-25
cust268,Stephen Nelson,christopheradams@hotmail.com,Maciasfort,2021-08-20
cust269,William Ball,phardy@gmail.com,Port Thomasstad,2023-11-25
cust270,Phillip Lee,carrchristine@johnson-martinez.org,Danielton,2022-08-23
cust271,Anna Williams,lawrence77@hotmail.com,New Anthony,2020-08-15
cust272,Nicholas Martinez,riosvanessa@bailey.com,North Kendra,2023-11-16
cust273,Donald Munoz,christopher70@gonzalez.com,Gordonland,2024-08-26
cust274,Brandon Phillips,katherine94@hotmail.com,Scotttown,2022-08-04
cust275,Brandi Cox,vsoto@barton.org,Blakeland,2025-02-11
cust276,Tiffany Parker,mwilliams@gmail.com,New Randy,2023-03-02
cust277,Wayne Malone,vrobertson@harris.com,Mollyville,2020-03-20
cust278,Jamie Goodman,angela19@gmail.com,Diazbury,2023-01-20
cust279,Angie Berry,perkinscarla@gmail.com,Lake Thomas,2021-08-08
cust280,Curtis Booth,stewartamy@cochran-brown.com,West Dustinfurt,2022-01-16
cust281,James Guerrero,ryanavila@yahoo.com,Brettport,2021-08-28
cust282,Marcus Davis,ewilliams@lopez.com,East Spencerburgh,2023-02-06
cust283,Carrie Hill,gonzalezsamantha@yahoo.com,Johnsonport,2022-09-30
cust284,Alicia Sandoval,ian27@hotmail.com,Moralesview,2023-07-22
cust285,Erik Orr,fwilson@gmail.com,Kellyfort,2025-03-19
cust286,Kylie Trevino,dgonzalez@harris-mitchell.com,East Annette,2021-05-18
cust287,Cynthia Curry,marie34@hotmail.com,Kristaburgh,2025-03-02
cust288,Chase Boone,maria17@orozco-chambers.com,Taylorchester,2023-02-17
cust289,David Anderson,lynnnorris@gmail.com,North Jamie,2024-03-20
cust290,Charles Martin,burnettjeffrey@yahoo.com,Lake Patriciamouth,2024-01-22
cust291,Thomas Rivera,aphillips@hotmail.com,South Richard,2022-03-19
cust292,Zachary Chen,laurenoconnell@yahoo.com,New Dianefurt,2020-02-10
cust293,Mario Cowan,sheila03@gmail.com,West Eugeneland,2020-10-29
cust294,Thomas Callahan,jennifer70@yahoo.com,Youngstad,2024-12-19
cust295,Katherine Mayer,agarcia@leon-norman.net,Port Samuelburgh,2022-12-07
cust296,Derek Stokes,ellisrachel@hicks.com,Fischermouth,2022-08-10
cust297,Mary Park,robin88@cooper.org,Roychester,2023-03-02
cust298,Erika Rogers,llopez@hotmail.com,West Glennborough,2021-09-06
cust299,Vicki Gates,lisa00@hotmail.com,Millerhaven,2022-04-24
cust300,Donald Mckenzie,mitchellgeorge@yahoo.com,Port Williamberg,2020-08-15
cust301,Katie Wright,lpena@hotmail.com,South Mary,2022-12-19
cust302,Bridget Weaver,kaisercarla@abbott.com,Justinhaven,2024-08-30
cust303,Michael Warner,esanchez@yahoo.com,East Joshuachester,2023-11-11
cust304,Michelle Grant,cescobar@morales-parks.org,Roytown,2021-07-01
cust305,Tony Daniel,ymcgee@hotmail.com,South Briana,2021-12-01
cust306,Amber Odom,cbrown@harrington.net,North Melissa,2022-04-25
cust307,Denise Gray,annacisneros@rogers.com,Zimmermanbury,2025-02-19
cust308,Carol Thomas,amanda65@gmail.com,Robertfurt,2024-12-20
cust309,Heather Thompson MD,dsuarez@wallace.com,Estesport,2022-07-18
cust310,David George,oadams@clark-martinez.com,Harmontown,2023-06-06
cust311,Jeffrey Miller,brittanyrios@yahoo.com,Chaseton,2023-08-04
cust312,Zachary Hall,dbrewer@yahoo.com,Emilyville,2023-05-09
cust313,Michael Barnes,cooktheresa@gmail.com,Lauraland,2022-10-21
cust314,Stephanie Rivera,mcclainmichelle@yahoo.com,South Todd,2022-02-03
cust315,Kenneth Chavez,pmorgan@yahoo.com,South Jefferymouth,2023-11-26
cust316,Daniel Sanford,bfuller@yahoo.com,Tarafurt,2023-08-25
cust317,Katrina Cox,samanthamoore@yahoo.com,West Jerryhaven,2025-03-04
cust318,Benjamin Huffman,unelson@gordon.com,New Jennifer,2022-12-11
cust319,Emily Maldonado,soliver@mccoy.org,Josephville,2024-10-08
cust320,Steven Vaughn,jmatthews@joseph.com,Fergusonfurt,2025-02-07
cust321,Gary Murphy,zedwards@yahoo.com,South Sethview,2023-03-31
cust322,Crystal Powell,fmiller@yahoo.com,Susanbury,2023-08-29
cust323,Margaret Fowler,watkinsmark@hotmail.com,North Crystalmouth,2021-04-15
cust324,Lauren Ward,savannah27@gmail.com,Lake Cindy,2021-02-17
cust325,Kelly Chavez,joshua76@allison.com,Lake Jorge,2024-08-27
cust326,Joshua Myers,brownrobert@gmail.com,Santiagostad,2022-04-01
cust327,Shannon Carter,erivers@mitchell.com,Ashleychester,2020-01-21
cust328,Hayden Parker,bryanbrown@yahoo.com,Steinmouth,2022-04-18
cust329,Tara Knapp,danielhayden@kelly.com,Williammouth,2022-11-25
cust330,Courtney Wood,hawkinslisa@yahoo.com,Andreafurt,2024-11-06
cust331,Danielle Hill,brian50@payne.com,Campbellberg,2023-01-01
cust332,Mike Miller,samanthadiaz@ware.com,Lake Ryanchester,2024-03-07
cust333,John Miranda,ilee@palmer.com,Ronaldmouth,2025-03-31
cust334,Donna Rogers,raymond16@hotmail.com,New Jeffrey,2024-04-30
cust335,Cheyenne Harris,deandavid@gmail.com,Davidton,2022-04-25
cust336,Jennifer Patrick,barbaraphillips@porter.org,East Stephanie,2024-12-14
cust337,Stephanie Holland,sarah27@waters-gomez.com,North Jessicastad,2023-03-08
cust338,Vincent Tyler,thomasgreer@hotmail.com,Natashaton,2022-01-29
cust339,Sarah Robles,nathanallen@flowers.com,West Karenchester,2022-07-14
cust340,Michael Schaefer,raychristopher@hunt.org,Singhland,2024-09-13
cust341,Danielle Mcguire,uadams@gmail.com,Jensenchester,2021-11-26
cust342,Jasmine King,mathewsamber@williams.com,North Jasonburgh,2023-11-10
cust343,Sabrina Mills,ashleycruz@gmail.com,Tranburgh,2020-11-02
cust344,Jose Hayes,heatherlewis@yahoo.com,Kellermouth,2025-03-16
cust345,Mark Fitzgerald,clarkspencer@hotmail.com,Samanthahaven,2022-04-09
cust346,Brandy Berry,jessica76@gmail.com,Kylebury,2020-10-19
cust347,Kayla Wolfe,morganjamie@blackwell.biz,Lake Grace,2021-10-04
cust348,Terri Novak,eugenehoover@jenkins.org,Kaylaport,2020-01-28
cust349,Collin Vaughn,russell39@gmail.com,Cruzshire,2022-04-23
cust350,Pamela Mcgrath,wgonzales@hotmail.com,North Yvonne,2020-03-09
cust351,Traci Pugh,joseph71@gmail.com,Kennethstad,2021-08-01
cust352,Margaret Meyer,jdavenport@hotmail.com,Wellsland,2024-01-09
cust353,Mark Robinson,yarias@potter-reed.biz,Christopherville,2024-10-15
cust354,Amanda Bush,garciashari@johnson-cross.com,Morenoland,2022-09-10
cust355,Christine Harris,crystal55@brennan.com,Charlenemouth,2020-05-01
cust356,Teresa Hunter,sosawilliam@hotmail.com,Robertsland,2021-09-30
cust357,Shannon Hodge,keith54@yahoo.com,Maxmouth,2022-11-06
cust358,Katrina Castillo,alicia32@yahoo.com,Brittanyfurt,2025-03-19
cust359,Brenda Jacobson,morganmark@yahoo.com,Port Alexfurt,2024-04-09
cust360,Michael Ortiz,calderonkyle@yahoo.com,Aaronshire,2021-09-16
cust361,Daniel Campbell,lauren63@morris-whitehead.biz,Emilyfurt,2021-01-31
cust362,Warren James,munozpatricia@gmail.com,Thomasstad,2021-12-28
cust363,Antonio Jones,charlespeterson@rogers-shaw.net,East Patricia,2022-08-11
cust364,Alexandria Phelps,jonesscott@sullivan.com,Williamsville,2023-06-07
cust365,Samantha Stone,astevens@steele.com,Tuckerland,2024-05-09
cust366,Robert White,jessicaferrell@cooper-arnold.info,New Johnview,2024-10-03
cust367,Jeffrey Miles,robertdyer@valdez.com,Velasquezton,2020-02-06
cust368,Marissa Ellis,lvasquez@adams.com,Huntchester,2020-02-27
cust369,Kristin Cannon,amymitchell@brown.com,Chambersside,2024-10-06
cust370,Christopher Diaz,jonathan65@george.com,Bensonport,2021-10-16
cust371,Angela Wright,nlewis@hotmail.com,South Louisshire,2023-08-21
cust372,Pam Braun,crystaldavis@yahoo.com,Riverachester,2024-05-20
cust373,James Ayala,jasonrodriguez@johnson.com,West Anthonyhaven,2020-05-02
cust374,Alicia Black,sara11@yahoo.com,East Coltonside,2020-07-26
cust375,Jimmy Stark,patriciaschneider@brewer-mitchell.com,West Jeffreyberg,2024-01-22
cust376,Joseph Vincent,robinsonmichael@gmail.com,Youngborough,2022-03-17
cust377,Renee Leblanc,piercesamantha@myers-evans.biz,Lake William,2020-08-30
cust378,Joseph Jones,hernandezsarah@gmail.com,Mariafort,2024-02-11
cust379,Jerry Fitzgerald,sherrycontreras@yahoo.com,West James,2024-06-12
cust380,Laura Perez,cgrant@cox.biz,Hernandeztown,2022-11-16
cust381,Rachel Williams,daniel57@yahoo.com,Marybury,2023-02-04
cust382,Thomas Johnson,whitetamara@hotmail.com,Fitzgeraldview,2022-03-05
cust383,Jordan Mendez,nicholashayes@hotmail.com,Nicoleland,2023-08-22
cust384,Sandra Wright,thomasterry@hotmail.com,Port Brianborough,2024-01-05
cust385,Olivia Davenport,asullivan@sanchez.com,Port Josephview,2022-11-08
cust386,Dave Martinez,pwheeler@gmail.com,Muellerview,2022-10-15
cust387,Tracy Hanson,smithsusan@yahoo.com,Murilloville,2024-01-04
cust388,Kristine Brown,craigrogers@hotmail.com,Jordanland,2021-01-12
cust389,Jessica Bass,sullivanshawn@gmail.com,Victorfort,2022-07-25
cust390,Terri Doyle,hooveralicia@yahoo.com,Christopherland,2024-10-25
cust391,Justin Lang,pottsvincent@navarro.com,West Noahfurt,2020-10-12
cust392,Kristina Morris,paul79@yahoo.com,West Stephaniechester,2021-01-07
cust393,Bonnie Sandoval,griffithryan@yahoo.com,West Ashleybury,2024-08-01
cust394,Cody Chambers,troysullivan@gmail.com,Port Richard,2024-02-23
cust395,Rodney Garrison,martin88@shepherd.net,East Dawnton,2022-12-22
cust396,Barbara Newman,destinydavis@hotmail.com,Williamsborough,2021-08-01
cust397,Stephen Evans,twilkerson@yahoo.com,Bondtown,2024-09-19
cust398,Jocelyn Stewart,kara79@yahoo.com,Tyronehaven,2024-05-11
cust399,Kelsey Griffith MD,milleramy@gmail.com,Perkinsshire,2024-12-14
cust400,Ann Rodriguez,lharper@galvan-chase.org,North Laurenton,2022-06-04
cust401,Meghan Oliver MD,perkinszachary@yahoo.com,North Jasminefort,2022-03-08
cust402,Melissa Morales,brooke69@smith.com,Lake Jacobton,2020-07-17
cust403,Michael Sandoval,edwardsjoshua@yahoo.com,Lisaburgh,2022-11-05
cust404,Denise Hubbard,joebell@brewer-chen.com,Kellershire,2022-10-16
cust405,Alexandra Smith,kgomez@hotmail.com,Port Chelsea,2021-03-10
cust406,Craig Maldonado,brian58@jones.biz,Edwardburgh,2023-09-10
cust407,Jason Ferrell Jr.,katrinacarter@gmail.com,New Jennifermouth,2023-01-01
cust408,Ashlee Holmes,yorkmelissa@gmail.com,Harrisonbury,2024-10-11
cust409,Matthew Smith,john61@burnett-gentry.net,Cardenasburgh,2024-10-30
cust410,David Reese,ramirezmelanie@yahoo.com,New Jodytown,2021-06-19
cust411,Jerome Green,timothy24@lindsey.info,Buckland,2024-07-08
cust412,Amber Mora,dunlaptammy@strickland.com,North Paula,2023-09-17
cust413,Tina Hendrix,pshelton@wilkerson.com,North Stephanie,2024-05-27
cust414,Ashlee Buchanan,porteralexandra@hoffman-obrien.net,Davidborough,2022-10-05
cust415,Rebecca Burnett,brenda62@yahoo.com,New Kelsey,2021-08-05
cust416,Christopher Baker,emendoza@lopez.com,South Geoffreytown,2023-10-02
cust417,Justin Rios,busheugene@vega.net,Sallyport,2020-09-14
cust418,Kevin Bowers,gary92@hotmail.com,East Kimberly,2023-02-05
cust419,Jimmy Lynch,vlong@webb.com,Port Brandy,2021-09-17
cust420,Darlene Phillips,charlesduran@hernandez-hill.org,North Melissa,2020-05-15
cust421,Daniel Pineda,jessica02@gmail.com,Quinnfurt,2024-07-30
cust422,Kevin Clark,amiller@kelley-frey.org,South Michaeltown,2024-01-14
cust423,Joseph Hoffman,robin21@huff-hughes.biz,South Kimberly,2022-10-18
cust424,Christina Barry,stevenrobertson@gmail.com,Sheamouth,2023-04-09
cust425,Adam Giles,kathy78@thomas.biz,Port Patricia,2023-08-18
cust426,Perry Freeman,michael68@johnson-macias.com,Michaeltown,2020-04-04
cust427,Patrick Hudson,gouldamanda@yahoo.com,Port Matthewburgh,2020-08-29
cust428,Ronald Duke,nblair@mckenzie-lara.com,Travischester,2021-03-28
cust429,Raymond Edwards,tperkins@hotmail.com,Carolside,2021-03-28
cust430,Angela Wilson,kellylopez@gmail.com,Lake Linda,2022-05-17
cust431,Kristina Flores,mchandler@yahoo.com,West Michaelland,2023-10-16
cust432,Peter Hanna,kbailey@gmail.com,Osborneville,2024-09-17
cust433,Cynthia Rogers,kimberlyashley@hotmail.com,Port Christopherhaven,2023-06-29
cust434,Shelby Williams,ysimpson@flores.net,Gallagherfurt,2024-07-25
cust435,Maria Soto,yrobinson@hotmail.com,North Meagan,2023-08-31
cust436,Nicole Christensen,scott32@hardy-walker.com,Lake Andre,2024-12-08
cust437,John Martinez,finleyvictoria@johnson.com,East Devinbury,2022-03-09
cust438,Linda Yang,laurenjohnson@hotmail.com,West Waynefurt,2020-05-22
cust439,Alexandria Brown,daniel86@warren-pratt.com,South Andreaview,2023-02-07
cust440,Alyssa Love,steve72@wright-nichols.org,Kellyborough,2024-09-19
cust441,Jennifer Lopez,juliemiller@gmail.com,Samuelshire,2020-06-03
cust442,Brenda James,johnsonmary@rivera.com,Edwardsview,2021-10-29
cust443,Ryan Fleming,sabrina94@knight.com,Morrisonland,2021-06-13
cust444,Jennifer Lara,stephen88@olson.com,Lawsontown,2024-03-15
cust445,Kathryn Gonzales,sanchezjenna@patterson-moore.com,New Danielle,2024-04-29
cust446,Peter Rogers,blackwelltaylor@hotmail.com,New Micheal,2024-11-27
cust447,Michelle Jones,lucasaaron@weaver-wall.com,Clarkshire,2022-02-20
cust448,Jane Nelson,preston18@yahoo.com,Fischershire,2020-04-05
cust449,Jeffery Reyes,gordon97@gmail.com,New Tyler,2025-02-10
cust450,Zachary Wright,aruiz@gmail.com,Andreaview,2021-03-04
cust451,Benjamin Price,dduncan@keller.com,South Andrewside,2023-12-29
cust452,Patrick Hawkins,carlaramirez@meyer.com,Johnborough,2022-06-14
cust453,Miss Teresa Bender MD,matthewstanton@gmail.com,Lambmouth,2021-10-19
cust454,Robert Wilson,crystal96@gmail.com,New Davidton,2022-06-02
cust455,Beth Davenport,briannabuckley@yahoo.com,Port Andrew,2020-04-03
cust456,Melinda Gibson,kevin89@miller.com,Port Timothyhaven,2021-01-23
cust457,Sarah Hancock,cassandrahester@hess.com,Tracyshire,2023-11-13
cust458,Connie Collins,courtneylang@barton-wood.org,Lake Melanie,2022-07-25
cust459,Sherry Romero,harold64@evans.com,South Joshua,2021-03-04
cust460,Aaron Klein,haydensalinas@yahoo.com,Perryberg,2025-01-08
cust461,Anita Rodriguez,coltonwhite@hotmail.com,Stephanieport,2020-06-19
cust462,Wesley Smith,plewis@yahoo.com,Port Yolandamouth,2023-11-29
cust463,Todd Lin,marcrowe@andrade.biz,East Julia,2021-04-16
cust464,Christopher Garcia,sara41@davenport.org,Michelefurt,2024-10-12
cust465,Jill Walker,kelseynash@osborne-smith.com,Leahstad,2025-01-18
cust466,Karen Clayton,anthonyhart@hotmail.com,South Nicholas,2023-09-16
cust467,Glenda Jones,eric48@hotmail.com,Port Lauriehaven,2022-06-21
cust468,Stephanie Lewis,pgonzalez@price.com,New Tiffany,2022-06-26
cust469,Ashley Castro,anguyen@holland.org,New Antonioton,2025-01-17
cust470,Thomas Rose,hunterdarrell@yahoo.com,Millerborough,2022-04-16
cust471,Mitchell Ramos,atyler@patel.com,South Eric,2021-09-08
cust472,Charlene Davis,andrewslinda@bryant.com,East Lisaton,2020-11-14
cust473,Maureen Webb,rodriguezmartha@hotmail.com,Lake Arthurfurt,2024-03-04
cust474,Sherry Morris,nicoledavis@snow-woods.com,Port Claytonstad,2023-10-04
cust475,John Long,donnasanchez@yahoo.com,Andersonborough,2022-01-10
cust476,Alex Torres,darren36@hotmail.com,Phelpston,2023-11-25
cust477,Tyler Clark,boyleanne@yahoo.com,Fernandezland,2020-06-28
cust478,Ernest Peck,ulee@yahoo.com,Moniquetown,2025-04-16
cust479,Mary Cobb,snelson@francis.biz,Port Justin,2023-09-07
cust480,Nicole Lynn,michael93@perez-jackson.com,Edwardland,2020-04-05
cust481,Amy Evans,dianameyer@daniels.com,Coxberg,2022-07-05
cust482,Tracey Mullins,jeffreypittman@sullivan.net,Christopherbury,2023-08-29
cust483,Robert Ponce,hadams@yahoo.com,West Bryce,2021-01-04
cust484,Melinda Martinez,potteramanda@collins.com,Lake Davidtown,2021-01-09
cust485,Darrell Patterson,brittany00@yahoo.com,Gabrielstad,2023-05-31
cust486,Jennifer Wilkerson MD,codycortez@yahoo.com,Port Dennis,2024-03-26
cust487,Brett Holland,lopezjennifer@hotmail.com,Deckerville,2024-12-29
cust488,Patrick Rodgers,ivanmarquez@gmail.com,New Cesar,2022-05-13
cust489,Christopher Wagner,ogoodwin@thomas.com,Rollinshaven,2021-07-11
cust490,Joshua Martin,coreywilson@hotmail.com,New Kellyview,2020-01-19
cust491,Jeffrey Castillo,corey01@klein.com,Elliottshire,2022-04-15
cust492,David Jones,amy82@hotmail.com,North Patrickside,2020-01-29
cust493,Luke Hancock,xrice@hotmail.com,Mariemouth,2023-01-15
cust494,Jessica Rice,johnsonlauren@yahoo.com,Jessicafort,2023-12-04
cust495,Barbara Adams,christopher74@gmail.com,North Patrick,2023-08-07
cust496,James Henry,rcruz@yahoo.com,New Linda,2022-09-11
cust497,Brian Ortiz,davidflores@yahoo.com,West Christinemouth,2023-04-06
cust498,Cindy Thompson,zriley@house.org,Martinhaven,2022-08-09
cust499,Terri Scott,douglas86@gmail.com,East Maryshire,2020-12-16
cust500,Deborah Allen,rebeccabrooks@gmail.com,Jamesbury,2021-01-03
cust501,Anthony Campbell,grahamjessica@cruz-herman.com,Markmouth,2022-11-24
cust502,Jacob Taylor,petersonthomas@yahoo.com,North Catherine,2020-02-12
cust503,Tyler Jones,michaelparker@gmail.com,North Andrewberg,2022-07-30
cust504,Rhonda Guerrero,kathrynramirez@hotmail.com,Daltonshire,2022-04-26
cust505,David Washington,john43@yahoo.com,New Becky,2021-05-21
cust506,Jennifer Brady MD,donna36@yahoo.com,Jonathanland,2022-01-26
cust507,Frank Wilson,wrodriguez@yahoo.com,Chrisside,2020-08-29
cust508,Pamela Williams,kirkashley@fitzgerald.biz,South Jessicaside,2020-08-11
cust509,Charles Leonard,mprice@liu-beasley.com,North Donna,2020-11-09
cust510,Kathy Moore,harrismiranda@hotmail.com,Brownfurt,2024-05-17
cust511,Gabrielle Bartlett,narmstrong@hernandez.com,Johnsonfurt,2022-11-13
cust512,Ashley Barber,eric05@brock.info,South Vanessaview,2025-02-09
cust513,Michael Wood,maryrodriguez@yahoo.com,Teresabury,2021-02-12
cust514,Carolyn Davis,danielle48@gomez.com,North Craig,2021-07-26
cust515,Sherri Hensley,simmonschristopher@lowe.biz,Whitebury,2023-02-02
cust516,Brianna Ellis,crystal91@hotmail.com,Robertstown,2020-11-13
cust517,Aimee Whitaker,jamesclark@gmail.com,Jeffreyfort,2023-09-26
cust518,Jeffrey Torres,vanessa10@yahoo.com,South Tiffanyhaven,2024-04-20
cust519,John Brown,erinbrown@hotmail.com,East Kellyton,2022-03-07
cust520,Ryan Francis,kellyrangel@yahoo.com,Roblesland,2024-11-01
cust521,Zachary Hernandez,turnerwilliam@hotmail.com,Paynefort,2021-07-06
cust522,Ashley Reed,sarahle@curry-reed.com,Smithmouth,2021-06-13
cust523,Samantha Garza,aclark@kennedy.org,Michaelville,2023-02-10
cust524,Joshua Martinez,adamsmichelle@yahoo.com,Castanedatown,2024-02-13
cust525,Christopher Austin,emily95@hotmail.com,Virginiastad,2020-10-08
cust526,Brittany Davis,james87@gmail.com,Hernandezview,2023-09-11
cust527,Bruce Green,veronicaelliott@harris-rodriguez.biz,Taylorport,2024-08-04
cust528,Oscar Kelly,cindylyons@vaughn-perez.biz,North Kristen,2022-07-02
cust529,Michael Wagner,tiffanycampbell@stanton.org,Grahambury,2021-12-11
cust530,Travis Lynch,vvega@may.com,Lorifort,2024-07-15
cust531,Olivia Brown,norma20@yahoo.com,Kennethburgh,2020-04-18
cust532,Heather Harris,youngdouglas@ruiz.com,Castanedastad,2021-10-10
cust533,Cheryl Thompson,tranerika@yahoo.com,East Cynthia,2024-07-28
cust534,Natalie Palmer,maynardjulia@gmail.com,Port Ronaldville,2020-02-19
cust535,Ronald French,yrusso@gmail.com,Nicoleland,2022-10-06
cust536,Sergio King,samanthahorton@perez.com,Port Annaport,2022-06-27
cust537,Kelly Salas,pamelarodriguez@yahoo.com,West Kevin,2023-05-20
cust538,Ashley Cooke,hendersonbilly@jensen-morales.org,Adammouth,2021-01-03
cust539,Kevin Walker,rebekah56@gmail.com,Robinsonland,2022-02-27
cust540,Tony Green,hjohnson@gmail.com,Alvarezmouth,2021-09-29
cust541,Nancy Robinson,oscar29@gmail.com,Johnsonborough,2024-06-22
cust542,David Martin,smithangela@ashley.org,Samanthastad,2022-03-07
cust543,Michele Carr,clevine@dougherty.com,Port Michaelburgh,2021-01-22
cust544,Joseph Page,wcompton@hotmail.com,Port Martha,2022-01-31
cust545,Brandon Gonzales,richard06@gmail.com,Riveraside,2021-08-25
cust546,Jeffrey Garcia,hpena@li.com,North Matthewburgh,2020-12-03
cust547,James Morrow,xleon@gmail.com,East Lisa,2020-12-07
cust548,Lee Valdez,michelle13@gmail.com,South Candace,2022-01-11
cust549,Miranda Stephens,nataliegilbert@howard-jones.com,Reedfurt,2024-02-14
cust550,Jennifer Carroll,vsoto@adams.com,Brayton,2024-12-11
cust551,Jennifer Nielsen,rmendez@jones.com,South Michellechester,2020-08-17
cust552,Charles Robertson,bsmith@castaneda-hill.com,New Shawnchester,2020-02-24
cust553,Sheila Hall,tuckerdaniel@harris.net,Port Alexis,2023-09-14
cust554,Meredith Russo,kristenyork@anderson.info,Bowersborough,2021-03-19
cust555,Joseph Graham,stevensonmelissa@yahoo.com,Marquezhaven,2020-10-29
cust556,Marvin Mitchell,stephensonjason@davis.org,Alexandertown,2021-12-18
cust557,Edward Martin,williamsjacob@vance-thomas.com,West Wayne,2025-01-24
cust558,Ricardo Martin MD,jacob02@hill.biz,Whitemouth,2025-03-10
cust559,Casey Williams,lopezryan@adkins.com,Lake Allisonstad,2022-05-03
cust560,Nathan Hayes,kathleenmoody@gmail.com,West Eric,2023-11-10
cust561,Terri Chan,miranda99@murray.net,Port Lesliemouth,2020-11-28
cust562,Christopher Smith,smithkrystal@gmail.com,Aliceview,2022-03-31
cust563,Austin Jones,robert60@jackson.com,Stantonfurt,2023-09-17
cust564,Jennifer Sheppard,michael77@gonzalez-pacheco.com,North Carrie,2022-03-21
cust565,Christopher Benson,charlesjulia@green.com,Santiagomouth,2023-05-04
cust566,Anthony Ferguson,josephcook@jones.biz,Hoffmantown,2020-05-28
cust567,Carrie Owens,mrichardson@simmons.com,Ramosborough,2023-11-27
cust568,Christopher Dean,christinefrancis@hotmail.com,Lake Julie,2024-03-14
cust569,Vicki Thomas,mknox@carlson.net,Moralesfort,2022-04-29
cust570,Terri Fitzgerald,dwarner@zuniga-velasquez.info,Graychester,2024-07-10
cust571,Mitchell Prince,stacey05@hotmail.com,Georgetown,2020-12-21
cust572,Stephen Fields,shannonbaker@gmail.com,New Dale,2021-10-04
cust573,Audrey Ross,karenwilson@melendez.com,Hooperview,2021-04-14
cust574,Joseph Schwartz,pmoore@hotmail.com,Thomasbury,2024-05-20
cust575,John Miranda MD,brandonwilliams@reed-anderson.net,Leefurt,2020-11-03
cust576,Ashley Brewer,arogers@robertson.net,Cummingsmouth,2023-03-11
cust577,Brooke Shepherd,gmartinez@hotmail.com,Destinytown,2022-01-19
cust578,Roberto Bennett,dustinswanson@yahoo.com,Ianton,2020-12-11
cust579,Mary Odom,matthew89@yahoo.com,Lake Caitlyntown,2021-08-31
cust580,Sharon Bennett,apotter@wright.org,East Nicholas,2022-01-11
cust581,Jason Morgan,kimberlymathews@hill.org,East Matthew,2023-07-14
cust582,Geoffrey Perry,darlene92@gmail.com,Mendozafurt,2023-02-18
cust583,Emily Molina,gcampbell@myers.com,East Ryan,2022-03-09
cust584,Kelly Young,amandaramirez@hotmail.com,Lake Charlesberg,2022-11-25
cust585,James Lawson,ygallagher@gmail.com,Destinyville,2024-12-16
cust586,Christine Rogers,michaelparker@gmail.com,Collierfurt,2024-09-10
cust587,Robert Brown,maria86@vargas-bishop.com,Tracyport,2023-09-29
cust588,Heather Mayer,ryanmartinez@wiley.com,Port Johnnymouth,2024-12-17
cust589,Denise Ramirez,melissa09@yahoo.com,East Vincentton,2022-07-29
cust590,Penny Davis,stephanieanderson@barnes-payne.org,West Michael,2024-09-10
cust591,Heidi Barber,jeanne97@yahoo.com,Smithberg,2023-03-01
cust592,Carl Miller,wmccann@yahoo.com,Lake Amy,2021-02-07
cust593,Ann Raymond,jason74@gmail.com,Ponceland,2020-10-30
cust594,Jeremy Davies,howellstephen@dixon.com,North Vanessa,2021-10-28
cust595,Christopher Martinez,jpollard@pitts-strong.org,West Justinbury,2024-09-16
cust596,Anthony Cantu,wjohnson@gmail.com,Reidton,2023-06-09
cust597,Richard Warren,ssimmons@roy.com,Geneburgh,2020-03-06
cust598,Curtis Gates,sandy99@king-davis.net,South Lauraburgh,2020-02-02
cust599,Matthew Rodriguez,torrestracy@jimenez.com,Loriborough,2020-11-27
cust600,Angela Spencer,paul70@nelson-wagner.org,Lake Mitchelltown,2022-02-23
cust601,Jamie Weiss,padillajesse@maxwell.com,North Vicki,2022-03-28
cust602,Lynn Montes,nicholasbaker@carter.com,West Carla,2024-10-04
cust603,Jason Bruce,olivershannon@garcia.info,Brownchester,2023-01-22
cust604,Kenneth Cannon,hugheskimberly@yahoo.com,East Deniseberg,2022-10-09
cust605,Andrew Smith,grivera@hotmail.com,East Lindatown,2021-01-02
cust606,Jill Savage,karenlee@gmail.com,Cochranville,2020-03-04
cust607,Scott Wright,mreed@gmail.com,Evansfurt,2022-05-01
cust608,Austin Bates,dbass@yahoo.com,East Julie,2023-08-22
cust609,Kyle Murphy,qhernandez@gmail.com,Holmesside,2021-09-20
cust610,Ana Sanchez,michael14@jones-doyle.info,Johnview,2024-01-05
cust611,Julie Roberts,kristinehaney@yahoo.com,West Ronaldfort,2020-04-04
cust612,James Williams,nmiller@yahoo.com,Thomasstad,2021-12-21
cust613,Christopher Hickman,brandon50@gmail.com,East Stevenburgh,2023-02-10
cust614,Emily Contreras,johnlopez@lucas-wilkins.org,South Catherine,2024-12-07
cust615,Rachel Warner,andrea42@hotmail.com,Port Colleen,2021-03-01
cust616,Erin Tucker,danasantos@fuentes.com,Lake Catherinehaven,2023-09-08
cust617,Shawn Burgess,luis25@smith-garcia.com,New Johnburgh,2021-10-29
cust618,Lisa Collins,holdersamantha@gmail.com,West Christopher,2020-11-20
cust619,Ruth Bean,benjamin63@day.biz,Ortizfort,2023-03-04
cust620,Debra Oliver,rwest@bennett.info,North Melissa,2020-02-25
cust621,Angela Smith,vaughnlaurie@yahoo.com,Williamberg,2023-09-04
cust622,Brenda Kim,phambrenda@conrad.com,Harrisborough,2020-05-05
cust623,Amber Bright,paul99@hotmail.com,East Richardstad,2024-10-05
cust624,Sabrina Cervantes,beststacey@martinez.com,West Michael,2025-04-15
cust625,James Anderson,sparksmaria@krause-carter.com,Port Johnmouth,2021-08-21
cust626,Felicia Spencer,ashley77@gmail.com,Lake Stevenview,2024-06-06
cust627,Brian Santana,andrewnguyen@anderson-newton.com,West David,2023-03-27
cust628,Timothy Short,gabrielle28@hernandez-butler.biz,West Terrishire,2021-11-17
cust629,Kathryn Ford,tina05@harvey.com,East Alex,2025-03-09
cust630,Donald Duncan,harrisnancy@palmer-cortez.com,Timothychester,2022-12-31
cust631,Kelly Graham,brianhansen@yahoo.com,Andrewfurt,2021-08-07
cust632,Troy Mendez,eedwards@baker.org,South Amandaburgh,2023-09-19
cust633,Robert Young,nhoward@hodges.net,West Misty,2021-09-27
cust634,Gregory Mcbride,meadowsjohn@hotmail.com,West Stevenshire,2023-03-25
cust635,Brittney Castro,catherine61@andrews.com,Danielton,2023-09-04
cust636,Ricky Lopez,jsanchez@hutchinson-wheeler.com,South Wendyhaven,2023-09-28
cust637,Mary Daniels,phelpserica@hotmail.com,Tamishire,2025-03-13
cust638,Jessica Young,smithwilliam@campbell.org,New Valerie,2023-05-12
cust639,Chelsea Ross,kmartin@hotmail.com,West Robertside,2022-11-01
cust640,Deanna Taylor,matthew85@hotmail.com,Ericland,2021-09-14
cust641,Erin Richardson,bridgeskim@douglas.net,Boyerborough,2024-07-19
cust642,Robert Thomas,matthewsalazar@gmail.com,Port Vanessaberg,2020-11-30
cust643,William Garcia,cholmes@yahoo.com,Ashleyfort,2021-03-13
cust644,Natalie Ray,rfox@jordan.com,Scottview,2022-12-14
cust645,Mathew Palmer,iprice@ramirez.biz,Joelfurt,2024-04-03
cust646,Matthew Moore,austinmcdaniel@quinn.net,Nicholasmouth,2020-03-06
cust647,Tyler Valdez,leslie11@rogers.net,North Travis,2022-06-16
cust648,Kyle Mcpherson,jenniferturner@turner.com,Port Thomas,2023-10-27
cust649,Jeremy Webb,ericaharris@stone.com,New Robert,2022-02-25
cust650,Jasmine Morgan,iwebb@carr-lee.com,Holmesburgh,2023-03-01
cust651,Brandon Davis,cyoung@hotmail.com,Williamsville,2024-02-12
cust652,Wendy Morales,leslieholmes@johnson-peterson.org,Hollandtown,2020-02-06
cust653,Debbie Cox,nashjose@fry.net,South Joann,2021-08-29
cust654,Richard Burke,brittany47@jones-collins.biz,North Cody,2021-10-27
cust655,Justin Pacheco,joshua63@hotmail.com,South Timothy,2021-03-13
cust656,Rebecca Flynn,blanchardrobert@sandoval.org,Newtonview,2020-12-22
cust657,Steven Rios,micheletanner@gmail.com,Port Coreyland,2020-08-26
cust658,Kimberly Brown,frederick61@yahoo.com,Michaelburgh,2022-06-15
cust659,Brittany Adams,warekellie@garza.net,Port Kathryn,2021-04-13
cust660,Elizabeth Burnett,sarahbruce@gmail.com,Adkinsville,2022-05-11
cust661,John Morales,scott96@hart.biz,Phillipland,2021-03-28
cust662,Andrea Perry,davischristopher@gmail.com,South Brittany,2022-10-16
cust663,Jason Walsh,thompsonhoward@thomas.com,Pattonfurt,2022-09-05
cust664,Ryan Harris,gwinters@chavez.biz,Joshuastad,2024-10-19
cust665,Allen Rodriguez,campbellallison@hotmail.com,New Shellyberg,2020-03-21
cust666,Deborah Patterson,kylehaley@yahoo.com,Williamsland,2020-04-08
cust667,Carla Glover,johnny05@chapman.com,Hawkinsmouth,2021-10-23
cust668,Robert Murphy,tuckerwilliam@smith.com,North Adam,2023-12-28
cust669,Joseph Black,mckeejoseph@yahoo.com,Janiceton,2024-06-03
cust670,Robert Mcdaniel,christopherporter@yahoo.com,New Victor,2024-04-08
cust671,Dawn Wells,mark64@yahoo.com,Moniqueview,2022-10-04
cust672,Damon Dennis,framirez@merritt.com,North Andreaborough,2021-06-19
cust673,Tristan Larson,egilbert@yahoo.com,Hollybury,2024-05-09
cust674,Tommy Mendoza,summerwatts@holden.com,South Katherineburgh,2023-11-07
cust675,Mr. Michael Mills DDS,lindsaygrant@johnson.com,Ashleyland,2024-11-12
cust676,Kevin Chapman,olsenemily@hotmail.com,Amberchester,2021-04-07
cust677,Aaron Wallace,angel24@gmail.com,West Brianbury,2024-08-23
cust678,Brandi Robinson,bestbriana@hotmail.com,New Timothy,2020-12-25
cust679,Mr. Michael Elliott,joanne37@yahoo.com,East Jonathanland,2020-06-03
cust680,Stephen Mccann,leejeremy@hotmail.com,West Travishaven,2020-05-27
cust681,Michael Fischer,rodney96@anderson.com,Ethanshire,2023-12-16
cust682,Eric Miller,jose05@potter.org,North Jasonshire,2023-01-11
cust683,Shannon Orr,nguyenabigail@jackson.com,Port Jasmineton,2024-10-07
cust684,Judy Hill,ramirezerik@gmail.com,Lake Josephborough,2020-02-15
cust685,Joseph Ewing,tyler86@hotmail.com,North Dalemouth,2022-11-11
cust686,Carla Frazier,qjones@smith-yates.com,West Danny,2024-01-25
cust687,Timothy Morgan,ediaz@gmail.com,Veronicafurt,2024-01-14
cust688,Todd Vaughn,kimberly11@murphy.com,East Benjaminborough,2022-08-17
cust689,Julie Smith,blackkatie@wolfe-williams.com,North Cheryl,2023-02-09
cust690,Christina Benjamin,kylecline@bass.info,North Natalieview,2023-10-10
cust691,Richard Smith,jhoward@west.com,Port Jonathanland,2021-04-30
cust692,Jennifer Walsh,rachelcox@green.com,Jennyville,2022-10-09
cust693,Stephen Green,krodgers@shepherd.com,Robinsonport,2021-08-17
cust694,Ashlee King,xhammond@hotmail.com,Port Matthew,2021-02-27
cust695,Autumn Ray,buckkirk@yahoo.com,West Jessica,2020-07-08
cust696,Stacie Gomez,jody96@leach.com,Lake Toddmouth,2023-11-29
cust697,Debra Flynn,garciajason@thompson-church.info,Port Sandra,2023-11-13
cust698,Jasmine Coleman,maria25@yahoo.com,North Angela,2020-11-21
cust699,Joshua Salas,bradfordrebecca@mitchell.info,Port Peterport,2020-12-23
cust700,Jorge Schultz,xroberts@yahoo.com,West Leslie,2022-09-07
cust701,Heather Smith,amy94@miller.com,North Timothy,2024-12-20
cust702,Nancy Rodriguez,joshua61@gmail.com,Hayesmouth,2022-10-09
cust703,Daniel Brown,pgilbert@strong.com,Keithhaven,2022-01-09
cust704,Dana Johnson,vthomas@moss.com,South Bethhaven,2024-11-03
cust705,Benjamin Roberts,angel56@yahoo.com,Joditown,2022-01-29
cust706,Patrick Salazar,rogerschristopher@gmail.com,Christophermouth,2022-08-13
cust707,Oscar Fields,wfreeman@gmail.com,Janiceview,2024-11-30
cust708,Karen Harrell,vasquezomar@parker-hunt.com,West Steven,2020-11-27
cust709,Nicholas Ellis,haynesdeborah@luna-valencia.com,East Kevin,2022-06-10
cust710,Brooke Morales,xmiller@cobb.com,Berryhaven,2022-09-01
cust711,Sheri Miller,fbrown@gmail.com,South Nicholasmouth,2023-11-26
cust712,Chad Adkins,joshua40@martin-olson.org,North Brian,2021-01-12
cust713,Michael Reed,shannondickerson@travis-rose.info,Christopherside,2020-10-27
cust714,Colin Holder,james33@hood.com,North Sarah,2020-08-09
cust715,Xavier Fuentes,andrewstony@thomas-herrera.info,Louisview,2023-03-12
cust716,Linda Miller,james47@yahoo.com,Lorimouth,2024-02-04
cust717,Rebecca Parsons,patricia11@rodriguez.info,Lake Kimberly,2021-01-12
cust718,Steven Johns,stephaniemartin@chapman.com,West Meganchester,2021-01-11
cust719,Alan Hunter,hparsons@greene-hernandez.org,Joshuaside,2021-03-26
cust720,John Pierce,michellecrosby@scott.com,Port Bradton,2021-10-23
cust721,Shannon Medina,icoleman@yahoo.com,Derrickstad,2024-02-21
cust722,Sarah Martinez,patriciaporter@clements.info,Smithmouth,2023-01-07
cust723,Mark Banks,joneskatherine@gmail.com,North Bridget,2020-11-03
cust724,Derek Martin,katherine96@duffy.info,Gilmoreshire,2022-03-13
cust725,Sandra Mclaughlin,johnsonkenneth@fields.com,Lake Melinda,2020-10-16
cust726,Deborah Rosales,paulanderson@holmes.com,New Williamborough,2023-08-23
cust727,Tara Jackson,nathanmcdaniel@gross.com,Elizabethhaven,2020-03-27
cust728,Janice Brown DVM,yhenson@carlson.info,West Tamaraberg,2022-02-09
cust729,Victoria Herrera,qgutierrez@smith.info,Richardshire,2022-07-12
cust730,Troy Miller,gracefox@gmail.com,Johnathanfurt,2021-04-02
cust731,Catherine Chandler,aprilrodriguez@patel.com,Port Elijah,2021-07-15
cust732,Julie Nichols,williewilliams@davis.com,Williamsfurt,2022-11-02
cust733,Dr. Lauren Cook MD,lanejohnny@gmail.com,Calhounfurt,2022-04-05
cust734,Gary Watts,castillokaren@meyer.com,Bowmanmouth,2024-10-20
cust735,Jerry Green,smithjames@jordan.org,North Darrenshire,2024-02-27
cust736,Robin Owen,jason36@yahoo.com,South Colleenborough,2024-02-05
cust737,Caleb Reese,emily00@rodriguez.com,Clementsside,2020-09-23
cust738,Albert Hull,deanna34@paul-harper.com,Fowlerfurt,2020-01-26
cust739,Larry Gutierrez,tylerbrown@gmail.com,Port Ashley,2022-01-05
cust740,Mary Lloyd,dixoncrystal@cox.com,Jamesfurt,2024-12-10
cust741,Juan Gonzalez,trevormcdonald@miller.com,Stevenside,2024-01-09
cust742,Daniel Frye,garciastephen@santiago-graham.org,Port Stacy,2023-02-20
cust743,Luis Barrett,gallen@hotmail.com,Stephanieberg,2022-11-10
cust744,Sharon Soto,heathertorres@gmail.com,North Susan,2021-02-01
cust745,Alexandra Munoz,christophermarquez@osborn.com,Port Gregory,2022-04-03
cust746,Nathan Robertson,thomasjames@gmail.com,Amandaberg,2024-09-21
cust747,Kaitlyn Padilla,amckenzie@hotmail.com,Jacobchester,2025-03-21
cust748,Nicholas Vargas,ehill@gmail.com,Williamsstad,2025-02-10
cust749,Anthony Robinson,karen90@wright-logan.com,West Karamouth,2024-03-07
cust750,George Dominguez,mary67@bennett.net,Bishopchester,2025-03-02
cust751,Heather Robertson,twilliams@rodriguez-robertson.com,Allisonton,2024-07-10
cust752,Jodi Jones,jparker@dougherty.com,Millerburgh,2020-04-28
cust753,Lisa White,kelly31@hotmail.com,Kristentown,2023-06-06
cust754,Matthew Barrera,mcknightdenise@yahoo.com,East Rebecca,2020-03-12
cust755,Nicholas Nelson,nlong@lara.com,North Christopher,2023-01-20
cust756,James Meyer,aaron86@wheeler.org,South Samanthaberg,2022-06-05
cust757,Joseph Buck,allenalison@yahoo.com,Cherylmouth,2020-04-12
cust758,George Peterson,jacqueline75@lopez.com,West Davidborough,2025-04-15
cust759,Catherine Patton,allensarah@woods.com,North Emilyfort,2022-07-24
cust760,Sergio Le,fcooper@hotmail.com,Lake Tanya,2022-11-05
cust761,Veronica Garcia,fjohnson@gmail.com,Port Brian,2024-11-03
cust762,Joseph Carter,nicole23@greene.org,North Lauramouth,2022-06-20
cust763,Caitlyn Perez,robertsdouglas@hotmail.com,East Kyleborough,2020-12-04
cust764,Eric Randall,banksjames@dixon.com,Smithfurt,2021-12-05
cust765,Jamie Wheeler,barronmary@gmail.com,Andrewtown,2021-07-19
cust766,Cody Acosta,dennisperry@mejia-shaffer.info,Kellyport,2025-03-28
cust767,Michael Rodgers,bradmason@hotmail.com,East Ianhaven,2022-10-02
cust768,Monica Cardenas,roberto58@kim.com,Melissaview,2024-02-20
cust769,Robert Davis,richardsoncynthia@gmail.com,North Josephside,2024-07-21
cust770,Crystal Espinoza,howardjackson@salas.com,Clarktown,2020-06-01
cust771,Sherry Taylor,mbeltran@johnson-sims.com,Port Alexandria,2021-05-25
cust772,Yvette Williams,meganrobertson@wallace.org,Lake Leslieborough,2023-12-10
cust773,Emily Martin,miguelcarter@hotmail.com,Marieborough,2022-04-03
cust774,Louis Freeman,omoran@miller.net,East Erikside,2024-06-10
cust775,Amanda Henry,kenneth42@yahoo.com,New Anthony,2021-03-20
cust776,Terry Green,ocollins@gmail.com,Lake Jenniferstad,2020-02-07
cust777,Tanya Carter,morgan60@hernandez.net,Amandastad,2022-05-22
cust778,Levi Gomez,elizabethramirez@yahoo.com,New Ericton,2025-04-14
cust779,Courtney Blackwell,kelly49@hotmail.com,Port Jordan,2020-04-11
cust780,Katherine Price,ysmith@macdonald.com,Angelatown,2024-03-12
cust781,James Haas,jamie85@parker.com,Michellechester,2025-03-06
cust782,Antonio Stafford,garciamary@stewart.com,Johnsonchester,2023-05-25
cust783,Stephen Smith,myersjenna@gmail.com,East Kimberly,2021-05-10
cust784,Jimmy Ortega,angelapage@morris.com,Mathishaven,2023-03-09
cust785,Matthew Burns,bespinoza@gmail.com,Erinstad,2020-08-24
cust786,Sarah Navarro,andersonsean@yahoo.com,Lake Elizabethtown,2020-01-31
cust787,Dr. Michelle Simmons DVM,batessteven@hill.org,East Joyce,2022-01-26
cust788,Stephanie Davis,billguerra@gmail.com,Bennettburgh,2024-12-30
cust789,Alan Cruz,jonathan82@gmail.com,West Williamfort,2020-06-15
cust790,Kyle Cooke,gravesmaria@yahoo.com,Kimburgh,2022-05-31
cust791,Elizabeth Miller,gregoryfry@cooper.com,Maxwellside,2020-05-23
cust792,Margaret Turner,irodriguez@lopez.org,North Debra,2023-03-22
cust793,Karen Short,michael15@yahoo.com,Armstrongchester,2020-11-23
cust794,Kristin Gonzalez,hallnathaniel@romero.com,Moodyville,2022-12-11
cust795,Frank Lee,clarkmichael@johnson-miller.com,Lake Jeffchester,2020-02-10
cust796,Andrea Lewis,ashley46@gmail.com,Melissabury,2024-03-16
cust797,Robert Lewis,pamelaparker@dillon-gilbert.com,North Erikafurt,2022-08-15
cust798,Rebecca Brown,megan96@cardenas-dunlap.com,Henryburgh,2024-01-01
cust799,Melanie Davidson,lindsayalvarez@yahoo.com,Aaronburgh,2021-03-09
cust800,Anna Pittman,leeashley@hotmail.com,Orozcostad,2022-12-29
cust801,Nicholas Stewart,adamszachary@yahoo.com,Nicoleville,2024-09-21
cust802,Joshua Eaton,jennifer72@clark.info,Owenschester,2023-03-19
cust803,Michael Vaughan,karen89@jones-figueroa.info,Rachelside,2021-04-18
cust804,Mary Jenkins,agriffin@mitchell.com,Thomastown,2024-05-24
cust805,Jordan Wilson,heatherrollins@anderson.org,Obrientown,2022-06-20
cust806,Chelsea Callahan,bryan44@yahoo.com,Sullivanberg,2024-02-09
cust807,Nancy Moody,xguerrero@jacobson.com,Richardsonport,2020-12-05
cust808,Tim George,knightlisa@rogers-huang.com,Washingtonchester,2025-04-06
cust809,Bernard Lawson,morgantammy@hotmail.com,Lake Megan,2025-03-15
cust810,Steven Camacho,amandahart@hotmail.com,South Lukeburgh,2022-09-13
cust811,Shari Ward,roberto36@yahoo.com,Scottview,2024-09-20
cust812,Noah Hill,michael35@bush.com,Carterside,2022-04-25
cust813,Jennifer Acosta,katelyn54@hotmail.com,South Toni,2020-08-24
cust814,Jeffery Simmons,james03@vargas.com,Alexatown,2024-02-28
cust815,David Clark,ambergutierrez@gmail.com,Gravesfort,2024-09-21
cust816,Ricardo Brown,smithjessica@yahoo.com,Lake Markburgh,2022-07-29
cust817,John Thomas,kenneth23@gmail.com,Brendatown,2024-03-03
cust818,Stephen Martinez,williamspence@hotmail.com,West James,2025-03-11
cust819,Steve Church,lloydderek@hotmail.com,New Carlos,2022-10-09
cust820,Richard Cox,thomaslori@yahoo.com,West Christopherberg,2023-07-23
cust821,Tanya Bell,michael83@yahoo.com,Darylburgh,2022-09-04
cust822,Diana Mendoza,angela67@watts-welch.info,Martinezhaven,2022-01-10
cust823,Evan Craig,lgarcia@gmail.com,East Brendanburgh,2023-02-25
cust824,Jacob Larson,andrewalexander@hart.net,Josebury,2023-02-02
cust825,Eric Kramer,johnsonjohnny@wolf.info,Martinfurt,2020-10-12
cust826,Emily Gordon,john38@gmail.com,North Alan,2024-04-03
cust827,Julie Bird MD,annahumphrey@shea.net,West Brett,2024-03-01
cust828,Becky Alexander MD,marissarogers@hotmail.com,West Cassandraborough,2020-03-02
cust829,Scott Best,eparsons@edwards-reese.biz,New Anne,2023-01-21
cust830,Mark Barry,eadams@campbell.biz,Port Sherylborough,2020-04-24
cust831,Michael Ross,donna24@gmail.com,Summersville,2022-09-06
cust832,Dylan Lane,rperez@strickland.info,Cindyport,2020-06-17
cust833,Jessica Edwards,ebennett@gmail.com,Ericmouth,2023-12-06
cust834,Brandon Ayala,michaelpeck@pena.com,Ramoschester,2025-01-24
cust835,Brittany Allen,danielle94@ramos.net,Royport,2024-09-17
cust836,Jessica Preston,dominique38@hernandez.info,Lake Samanthaberg,2023-03-20
cust837,Charles Butler,danielpeter@thompson.net,Batesville,2021-06-10
cust838,Charles Rivas,robertblair@yahoo.com,Johnshire,2020-02-29
cust839,Rebecca Ross,emily52@gmail.com,Laurenberg,2022-02-22
cust840,William Day,tcarter@gmail.com,East David,2020-11-29
cust841,Stacy Garcia,brandonallen@bowen.net,Port Lisa,2025-02-01
cust842,Denise Vasquez,burtonjonathan@hotmail.com,West Matthew,2020-03-19
cust843,Michael Marshall,david85@gmail.com,Mccoybury,2024-03-27
cust844,Kendra Mcneil,jerrykelly@gmail.com,Sydneybury,2025-01-04
cust845,Samantha Gibson,morrisrachel@golden-riggs.info,Shawhaven,2024-06-28
cust846,Christine Anderson,tammy43@taylor.biz,Gilesborough,2021-07-24
cust847,Jasmin Hernandez,jason44@yahoo.com,Jeffreyfurt,2024-02-07
cust848,Amanda Nichols,wesley10@yahoo.com,West Sara,2024-10-15
cust849,Amanda Flynn,ecamacho@leonard-norris.com,North Sharon,2025-02-06
cust850,Katherine Norris,richardsontammy@chavez.com,Samanthaview,2023-06-29
cust851,Nicholas Miller,johnsonleroy@gmail.com,Transide,2021-04-27
cust852,Jacqueline Ibarra,taylorcollins@hotmail.com,Elizabethside,2024-04-30
cust853,Scott Johnson,valdezrobert@stewart.org,Schroedertown,2023-11-01
cust854,Sarah Acevedo,bakerlydia@yahoo.com,Lake Robert,2025-03-25
cust855,Jeffery Johnson,richardsantos@yahoo.com,Port Julia,2020-01-23
cust856,Nancy Garza,tfox@yahoo.com,South Max,2020-06-20
cust857,Juan Miller,amanda43@stuart.com,Meganburgh,2020-08-15
cust858,Shelly Fisher,amandamiller@hotmail.com,West Amy,2020-11-19
cust859,Mary Harris,davidhowell@thomas.com,Carlaland,2021-10-05
cust860,Robert Nguyen,gdurham@hotmail.com,Millshaven,2021-10-20
cust861,Mark Robbins,pmarshall@gmail.com,Taylorfurt,2024-08-22
cust862,Adam Patel,msuarez@vance-hooper.info,Baileyton,2023-09-15
cust863,Kyle Hoffman,stephenchen@yahoo.com,New Matthewview,2021-01-10
cust864,Rebecca Garcia,jacob26@olson-le.com,Timothyberg,2024-08-18
cust865,Evan Miles,hunter20@gmail.com,West Maryville,2021-01-21
cust866,Jerry Hernandez,bradleyian@joseph.com,Watsonton,2020-09-13
cust867,Adrian Gonzalez,melissa62@jones.com,New Jasonton,2022-02-10
cust868,Hannah Patton,kaylagarza@perry-henderson.com,South Pennystad,2024-02-28
cust869,Melinda Roy,vvargas@gmail.com,Haynestown,2024-09-15
cust870,Joe Fox,richardswesley@yahoo.com,South Adam,2022-06-04
cust871,Jeff Butler,tammycervantes@hurley-robinson.com,Elizabethview,2021-10-31
cust872,Christina Sanders,wendy36@salinas.net,Paulborough,2022-07-05
cust873,Kyle Brady,qbrown@osborne.com,South Loribury,2021-04-10
cust874,James Stevens,megan83@hotmail.com,Browntown,2024-01-23
cust875,Nicole Thornton,paulalvarez@hotmail.com,North Manuel,2020-04-01
cust876,Amy Ford,john32@hotmail.com,East Jamie,2024-03-14
cust877,Joseph Young,jeremy41@lawson.com,East Tammy,2023-08-14
cust878,Melissa Riley,rjohnson@love.com,Heatherbury,2023-05-09
cust879,Andre Peterson,arnoldgloria@williams-bowman.biz,Justinfurt,2024-12-23
cust880,Stephanie Porter,gailbailey@hotmail.com,West Calebview,2022-11-03
cust881,Alexander Byrd,lisa60@garcia-benson.biz,North Thomasburgh,2022-11-02
cust882,Mr. Wayne Wilson,kpennington@yahoo.com,South Deborah,2020-04-17
cust883,Scott Brown,qwatkins@hall-cole.biz,New Lisa,2024-10-09
cust884,Stacey Neal,lisa74@gmail.com,Andersontown,2020-11-28
cust885,Tammy Brewer,uwhite@preston-mccullough.org,Jonesport,2022-12-07
cust886,Ashley Parker,tiffanygeorge@bean.org,Williamberg,2023-02-17
cust887,James Moss,andrew11@yahoo.com,Samuelchester,2021-06-07
cust888,Taylor Braun,smithjoel@yahoo.com,West Kristin,2021-05-26
cust889,Tina Gonzalez,belinda14@castillo.biz,New Jill,2023-03-07
cust890,Brenda Torres,michaelmccormick@hotmail.com,Luketown,2023-05-18
cust891,Phillip Martinez,ilopez@yahoo.com,South Ericachester,2022-12-24
cust892,Patricia Reynolds,stewartamy@yahoo.com,South Kevin,2023-04-20
cust893,Kathryn Foster,kelleypatrick@gonzalez.org,South Haley,2024-01-22
cust894,Veronica Mccormick,harry92@hotmail.com,Mooneyville,2021-07-08
cust895,Shelly Lewis,michaeljarvis@murphy.com,Brittanyfort,2023-04-23
cust896,Susan Long,melissamorris@pace.biz,Padillachester,2023-01-12
cust897,Anna Alexander,kaylasmith@reese-cox.com,Lake Melinda,2024-06-22
cust898,Dakota Taylor,pricelindsey@gmail.com,Jayberg,2024-08-22
cust899,Melissa Baker,williamstrevor@yahoo.com,Lake Thomas,2020-07-18
cust900,Nathan Kelly,jerry71@martin.info,East Julian,2020-12-23
cust901,Lisa Carr,gary09@robbins-vance.org,North Jennifer,2021-01-14
cust902,Blake Coleman,robert99@wilcox.org,Anthonyfort,2023-10-16
cust903,Madeline Mayo,edwardjohnson@nunez.com,Waynefurt,2021-05-20
cust904,Sarah Villegas,michelepalmer@gmail.com,Heathershire,2020-05-31
cust905,Brian Chambers,richardsmorgan@yahoo.com,Gonzalezland,2024-02-28
cust906,Rebecca Freeman DDS,christopher40@yahoo.com,Tammymouth,2023-08-08
cust907,Heidi Cruz,bradleymargaret@hotmail.com,Skinnerberg,2020-12-15
cust908,Kyle Walker,dconrad@wright-hill.biz,Port Kristopherview,2024-07-14
cust909,Jesse Davis,emoore@gmail.com,West Jessicafort,2021-02-10
cust910,Joseph Maxwell,molson@yahoo.com,North Jennifer,2022-07-28
cust911,Susan Morgan,craigcombs@yahoo.com,Erikaborough,2022-04-22
cust912,Kelly Martinez,feliciasharp@alexander-hamilton.com,Port Katherine,2021-06-12
cust913,Nancy Lamb,joseph76@hotmail.com,West Jessicaville,2022-05-23
cust914,Tyler Jones,xwade@gmail.com,Melissastad,2023-10-04
cust915,Denise Webster,princesamuel@gmail.com,West Christine,2025-01-18
cust916,Nancy Miller,kevinfox@hotmail.com,Jennifertown,2022-10-26
cust917,Angela Bishop,vschwartz@malone.com,South Johnton,2023-09-05
cust918,Terry Davidson,josephmcmahon@yahoo.com,Port Jessica,2025-01-29
cust919,Keith Allen,theresamartin@burnett.com,Alyssahaven,2024-12-19
cust920,David Hogan,twalker@hardy-hensley.com,East Michaelaborough,2021-08-28
cust921,Gina Allen,jowens@perez-pugh.com,Barnettbury,2024-05-05
cust922,David Haynes,stonejillian@becker.com,Mcdanielchester,2022-05-24
cust923,Madison Lopez,griffinrichard@woods-larson.info,North Jamesbury,2022-01-20
cust924,Jonathan Mitchell,mswanson@hotmail.com,Briggsview,2020-05-28
cust925,Jill Smith,xblack@gmail.com,East Samanthaberg,2023-01-04
cust926,Makayla Miller,ddunn@hotmail.com,East Jeffreybury,2020-04-25
cust927,Fred Sanders,jamestimothy@hotmail.com,Port Dannyton,2022-02-08
cust928,Derrick Williams,kathleen54@johnson.com,Lake Richard,2022-12-17
cust929,Kyle Kim,kempcalvin@griffith.net,New Ashleytown,2021-10-15
cust930,Michael White,lewismegan@gmail.com,Port Erikamouth,2022-11-26
cust931,Jennifer Ferguson,franklindonald@beck.com,West Dannyton,2022-02-17
cust932,Ms. Brenda Stevenson,zandrews@wells-powell.com,Williammouth,2024-01-04
cust933,Erik Herman,yolandawilson@reynolds-cobb.com,Lake Marcus,2024-09-07
cust934,Reginald Conrad,mlewis@yahoo.com,West Lauraland,2022-06-13
cust935,Gregory Jones,leeelizabeth@campbell.biz,Salinaschester,2024-09-25
cust936,Daniel Roberts,diazjeffrey@conley-mcdonald.com,Allenberg,2022-09-16
cust937,Stephen Jensen,nwilliams@yahoo.com,Port Christinaside,2020-07-18
cust938,Natasha Gonzalez,christine98@gmail.com,North Bethview,2022-09-20
cust939,Dan Jackson,vporter@yahoo.com,Parkerview,2024-10-17
cust940,Shannon Harris,barbaragray@hotmail.com,Grimestown,2023-02-05
cust941,Miguel Hess,charlene47@hopkins.com,Arnoldfort,2024-12-10
cust942,Ashley Morgan,lisa31@harmon-ellis.com,Stanleytown,2020-03-27
cust943,Angelica Goodman,andrewrobles@olson-burns.com,North Barbara,2022-03-12
cust944,Lisa Holloway,keith65@hotmail.com,Jessicaland,2021-06-12
cust945,Scott Davis,kelleyamanda@miller.com,Leeport,2023-02-02
cust946,Misty Griffin,karenjohnson@washington-mcintosh.biz,West Jessica,2022-08-25
cust947,Tammy Peterson,jessica57@hotmail.com,Brownmouth,2022-08-16
cust948,Andrea Suarez,rogeryates@brown.com,South Carolville,2024-02-23
cust949,Jacqueline Soto,ryan18@hotmail.com,Zacharyshire,2021-12-14
cust950,Annette Jordan,baileyjamie@perkins.com,Williamsville,2021-08-04
cust951,Andrea Pierce MD,kimberlymiddleton@gmail.com,Andrewborough,2023-12-04
cust952,Tina King,lindsey95@hotmail.com,New Bryanshire,2022-07-03
cust953,Claudia Bridges,kinglisa@mcclure-kaufman.com,Stevenside,2022-09-20
cust954,Pam Johnson,ilowe@wells-rogers.biz,Pamelaberg,2021-05-12
cust955,Nancy Washington,emitchell@miller.com,Hallmouth,2025-04-18
cust956,John Stevens,amandamorales@hotmail.com,South Johnny,2024-06-28
cust957,Kyle Olsen,qjenkins@yahoo.com,Davishaven,2025-02-28
cust958,Ms. Natalie Martinez,alexandercortez@jimenez.com,Allenshire,2022-04-26
cust959,Brandon Montgomery,richardsscott@yahoo.com,Kellyside,2022-05-24
cust960,Michelle Ortega,pattersonmargaret@huber.com,Thomasmouth,2023-04-13
cust961,Heather Anderson,smithdavid@glover-becker.org,Paulaport,2024-06-09
cust962,Elizabeth Scott,robertaustin@davis.biz,New Stephanie,2022-06-01
cust963,John Morris,dolson@jackson-travis.org,North Julie,2022-05-28
cust964,Christy Morris,danieldixon@scott.com,Lindsayberg,2022-11-05
cust965,Rachel Jones,thomas58@hotmail.com,Kimhaven,2022-11-19
cust966,Kevin Johnson,gerald94@velasquez.org,Colemanhaven,2023-11-24
cust967,Catherine Porter,nortonwilliam@miller.com,Lyonsmouth,2022-07-24
cust968,Justin Williams,kenneth70@gmail.com,Lake Timothy,2024-04-04
cust969,Elizabeth Johnson,yjohnson@williams-woodard.net,Samanthaview,2022-04-08
cust970,Margaret Howard,gbrown@spencer-combs.org,Aprilton,2021-07-28
cust971,Raymond Ibarra,wfranco@gmail.com,New Lauren,2022-12-23
cust972,Ashley Bowers,heathermoran@hotmail.com,New Danielland,2021-09-23
cust973,Steven Hammond,lukemorgan@gmail.com,Evanfurt,2024-04-14
cust974,Anthony Bates,hudsonbonnie@hotmail.com,South Brett,2023-01-28
cust975,Christopher Wright,taylor58@allen.com,Alexanderview,2022-03-14
cust976,William Anderson,james59@rivas.info,New Douglas,2022-02-23
cust977,Mr. Robert Bell,rhodesmatthew@yahoo.com,Port Martin,2023-05-18
cust978,William Joseph,rachelpope@gmail.com,Port Saraton,2021-06-05
cust979,Jennifer Gates,brianthomas@yahoo.com,South Michael,2023-12-25
cust980,Sarah Flores,ericdavis@hotmail.com,Whitemouth,2020-03-09
cust981,Evan Allen,danielcarter@fitzgerald.info,North Heather,2021-03-28
cust982,Brittany Zimmerman,rebeccaavery@yahoo.com,Nicoletown,2024-01-25
cust983,Luis Marshall,jose05@wilson.com,Port Rachelshire,2022-01-17
cust984,Monique Scott,melissaturner@hotmail.com,Cynthiabury,2023-08-20
cust985,Dwayne Coleman,nwilliams@yahoo.com,South Ericside,2023-01-03
cust986,Miss Jessica James MD,george95@olsen.net,New Kristyfurt,2022-05-23
cust987,Debra Dorsey,pamelasmith@williamson.com,Greenside,2020-05-02
cust988,Christina Wilson,obarnes@richardson.com,Rayton,2020-06-25
cust989,Christopher Phillips,newmankimberly@contreras-pittman.info,Shannonshire,2021-07-27
cust990,Gregory Johnson,pgraves@yahoo.com,Paulport,2024-10-29
cust991,Veronica Turner,daniel29@garcia-washington.com,Brentville,2021-08-23
cust992,Diane Jackson,ronaldsimon@hotmail.com,Davisborough,2024-12-20
cust993,Jennifer Harris MD,watsonkathryn@lee.com,Sophiashire,2024-07-14
cust994,Nicholas Pearson,rodriguezjessica@yahoo.com,Lake Theresa,2024-06-19
cust995,Terry Ramirez,jessica39@mccann.com,Anthonymouth,2023-08-01
cust996,Bryan Robles,smithalicia@hensley-mora.net,Port Lucasville,2022-10-13
cust997,Nicole Warren,gshields@hotmail.com,Andersonhaven,2021-10-14
cust998,John Pacheco,devinrobertson@hotmail.com,Lake Jessemouth,2024-07-16
cust999,Kyle Powell,jeremiah59@gmail.com,Rogerbury,2021-05-05
cust1000,Brenda Green,lisa64@gmail.com,Thompsonborough,2020-06-19
